Actual_Price,Predicted_Price
60000,34308.35797635991
135000,47045.86296044006
600000,493600.34103538934
250000,418427.9470464388
450000,489158.1654821243
140000,-719.7807298602878
550000,394918.8689708045
240000,246764.1116770905
850000,358035.41066188633
365000,411833.2171843011
260000,351666.6581698463
250000,273386.30866266764
1650000,1404607.5161432913
60000,34308.35797635991
135000,47045.86296044006
600000,493600.34103538934
250000,418427.9470464388
450000,489158.1654821243
140000,-719.7807298602878
550000,394918.8689708045
240000,246764.1116770905
850000,358035.41066188633
365000,411833.2171843011
260000,351666.6581698463
250000,273386.30866266764
1650000,1404607.5161432913
585000,425237.7947469747
1195000,878853.206708082
390000,521057.23408723855
1964999,1549144.0061505644
1425000,1492517.4151163218
975000,1711644.4077425315
1190000,1344299.7818665374
930000,541938.4845411677
525000,475054.5380806811
1735000,1498249.292359158
1375000,1419586.0061336071
450000,1321180.398751582
900000,1248353.2094594701
1300000,616988.2209462244
1400000,515122.37263561925
850000,1049673.5762467687
229999,276072.2414274357
1550000,1429720.7039759574
1250000,1295607.6442093803
625000,531812.8559876296
1050000,599211.0201134263
560000,531828.8071787928
290000,244216.61068027452
275000,172997.19505925404
411000,318115.25417081703
150000,65068.08941496783
500000,511937.9963895993
100000,-8943.852824598422
725000,796488.4742259914
401000,544677.0481127449
750000,826684.7424182678
310000,533340.6686769135
665000,742090.9465639631
465000,653039.0239652304
160000,172997.19505925404
250000,-107235.3076627799
675000,640301.5189811504
300000,315805.86417371384
70000,248153.63785704155
240000,304859.1796985616
525000,639027.7684827424
151000,124604.5047827677
140000,88969.01711807628
280000,208517.40516281463
350000,373923.10032995057
570000,703492.6425481408
300000,464864.5340934171
100000,348032.4396922423
500000,332937.15318816184
125000,502544.4140023695
130000,-65325.418237111044
925000,719414.5237782409
750000,740376.100857059
200000,861757.3767286524
248000,97319.6526938056
450000,502532.5457154084
80000,-108577.62903806937
650000,236574.1076898265
450000,616988.2209462244
650000,799550.1928881174
495000,469790.5048068075
371000,427785.2957437907
1025000,508557.8401028713
8150000,1673487.1989352053
750000,623356.9734382643
600000,517746.29436022753
80000,56419.16284895504
325000,621123.1926001033
1470000,1493225.547701603
350000,582086.645720995
2800000,1498886.167608362
210000,452639.38165391
450000,268346.6128139496
1150000,1496338.666611546
210000,1048136.6942686727
4500000,1414288.019931192
2750000,1602782.0009794948
1975000,1701135.9661306655
175000,163759.0309204145
2500000,1462639.5845486477
628000,665280.1275959006
600000,419833.4244175529
399000,428617.9510337028
750000,723180.469128551
750000,511937.9963895993
315000,437534.20452255884
600000,519075.3510035495
100000,128538.40819176282
250000,119091.87330748033
350000,431802.3272797229
780000,666609.1842392224
434000,528421.5245955512
690000,1229246.9519833499
555000,521638.80319152866
120000,-30526.353961457535
500000,502532.5457154084
165000,503861.6023587303
95000,-63604.51196631485
550000,471870.16183466115
100000,280025.2197953659
100000,179365.94755129408
500000,493600.34103538934
800000,608143.2247934449
840000,608143.2247934449
490000,378996.9877407043
125000,379836.8471986916
400000,443587.5281149168
1000000,732210.9988212946
530000,431433.31717123126
840000,776928.1246971888
229999,348482.2819238262
40000,-301325.58653117646
130000,212356.89702891128
200000,329376.02444770606
120000,475823.1402025912
75000,-104946.09701966109
250000,628396.6692869824
100000,-13983.548673316474
280000,246029.69251299146
540000,370772.9156459663
700000,478238.9143267012
525000,604250.7159621443
430000,653871.6792551423
65000,-150108.9335682314
800000,756297.9820871593
75000,-45811.3599423536
210000,81527.02782936076
195000,416028.1241134919
400000,591513.2109780642
170000,225094.40201299137
225000,394918.8689708045
210000,334692.1791084894
240000,481949.553532097
300000,556485.0722718439
99000,125460.62579952038
620000,314146.3246117239
500000,575065.066788588
2550000,981324.0051442634
260000,203511.90087613216
550000,409511.6935575827
150000,421370.30639564886
350000,1011838.7109611416
320000,385365.74023274437
400000,566975.4080257517
175000,175081.58909251876
120000,117007.47927421561
320000,484755.34488261025
70000,-65325.418237111044
810000,511937.9963895993
95000,-36895.10645349758
282000,546684.8515808079
80000,-122070.47141209224
72000,284268.49404404976
600000,394918.8689708045
640000,359309.1611602943
380000,470497.6956726265
650000,440026.3993744609
150000,62346.82013249912
280000,30503.057672298884
430000,465501.4093426211
800000,805918.9453801573
75000,109552.00930138768
650000,1529596.653465948
390000,432439.2025289269
100000,-123399.52805541418
1500000,1441236.9122613338
175000,28971.343388030433
434999,435134.38158961193
170000,388926.8689732004
190000,425810.32728211855
250000,313830.8957120418
229999,262880.87577572145
140000,-39850.408268950916
600000,690524.5887238488
280000,155975.33161639862
150000,519075.3510035495
650000,1505450.70014111
210000,259501.61666117058
2900000,1585586.3692509867
425000,647999.3281165124
265000,368611.2037127323
890000,550449.68537153
365000,331727.745403814
350000,376253.70670318033
685000,666609.1842392224
940000,843466.4052347932
1000000,716230.1475322209
1150000,578503.5052254838
450000,578871.1645895308
590000,693106.8585201688
800000,716230.1475322209
385000,586914.610337842
2000000,1453974.4172454136
235000,295481.16234409984
640000,772605.6523808413
52000,-71694.17072915108
80000,98177.68061016078
140000,166628.442567214
120000,6357.104347460692
89999,274099.6046396637
180000,480862.83605130936
1500000,728967.652516301
700000,441355.4560177829
285000,454240.6390657321
390000,316638.51946362597
125000,64823.06379323809
225000,25463.36182358083
175000,85800.59206321949
1075000,366407.16082049353
300000,535523.4951930258
700000,356921.2065143085
90000,436777.9699604388
120000,391882.1707886536
220000,441503.134081652
300000,645341.2148298684
180000,442581.10453935206
170000,255609.1078298695
300000,290016.3224780488
1050000,586473.5151293462
300000,535523.4951930258
465000,762666.7345791992
130000,417357.1807568138
434999,478238.9143267012
500000,464227.6588442131
200000,478238.9143267012
625000,481172.20438709913
110000,222286.77826140725
800000,514332.6473266063
490000,766236.8998888014
880000,767510.6503872094
290000,268983.4880631536
115999,220202.38422814241
360000,467730.4727148351
65000,-221312.39799808883
685000,762415.6483935772
300000,120812.77957827652
680000,780248.1553712895
1000000,651395.4355944034
100000,112028.2529621267
160000,400727.16694143275
450000,697123.8900561007
600000,324336.328598988
180000,356327.7691230573
100000,-45301.04817414061
120000,80124.02096529744
130000,-46219.16076099096
160000,127707.79502969272
860000,793181.4403960772
650000,419772.9548809238
100000,86492.77345733749
282000,434986.70352574287
300000,120812.77957827652
270000,67386.5159812173
550000,575701.942037792
450000,517746.29436022753
430000,423725.93324885383
350000,274715.36530598963
350000,434986.70352574287
229999,216249.40586021225
110000,268346.6128139496
395000,180002.82280049808
650000,1293082.1549676196
350000,410988.42826477374
1400000,902999.1600329201
360000,482060.1658219253
1300000,772219.8633172594
800000,658385.1121444844
229999,465501.4093426211
315000,377527.4572015883
125000,245474.4099875195
700000,511301.1211403953
160000,329376.02444770606
530000,507391.0846463295
624000,835804.1591116199
250000,120812.77957827652
585000,738906.5703179429
500000,358035.41066188633
350000,317967.57610694796
495000,646670.2714731903
500000,415880.4460496227
430000,540563.1910417438
345000,338733.37314505805
500000,367588.53939994634
425000,509008.37024326087
80000,-72449.50811909387
106000,488560.6451866713
180000,122895.36164317357
250000,296385.07497008884
350000,469454.38771055115
60000,-208574.8930140088
900000,763303.6098284032
700000,794788.0173106168
2000000,1423592.8650217168
1000000,716230.1475322209
1375000,1351548.114413397
1800000,681307.5727799328
160000,259170.23657032553
525000,1043500.6037954369
850000,488317.4055075733
800000,796365.8166420974
700000,751821.2286230687
800000,762666.7345791992
575000,382889.4965720055
350000,435134.38158961193
250000,296053.6948792437
600000,439549.0434796585
370000,271907.7415544055
80000,-71694.17072915108
50000,96814.50431730758
900000,762666.7345791992
300000,262685.99290719064
125000,-131002.67609211126
490000,577628.5189765671
300000,473346.8965418523
55000,261479.41684065765
350000,394918.8689708045
755000,810377.0721245855
720000,703492.6425481408
229999,171336.75832508688
1100000,765851.1108252192
400000,236502.85035374935
350000,571259.7664845269
159000,580545.8578458019
550000,490088.45787595515
335000,609786.8131642721
185000,371569.6025886547
229999,295892.0602232063
225000,376253.70670318033
250000,-49632.61143757756
400000,604250.7159621443
470000,527244.1169533737
300000,1338042.007307407
145000,210501.5774262133
100000,-30526.353961457535
500000,534376.3081756087
130000,88814.29708405604
240000,431344.94454691536
150000,491124.0973746502
270000,422249.1985416628
400000,573736.0101452661
200000,234010.6555018475
550000,506337.84601946943
325000,462317.03309660114
860000,1558786.6587644822
600000,429912.816114989
125000,108075.27459419642
60000,-242044.90064634036
300000,369820.61149708024
190000,3401.8025320074157
400000,524115.0468522675
260000,406530.3015203458
400000,428617.9510337028
250000,164064.990379235
600000,515122.37263561925
175000,156392.55425207433
450000,355754.04986967816
350000,1329197.0111546277
800000,746744.8533490992
250000,129744.9842582957
600000,515122.37263561925
600000,684386.3850720206
130000,385365.74023274437
90000,-49583.03716990646
595000,374546.43080743303
190000,259501.61666117058
50000,-344700.27790892374
95000,27939.60548431986
1000000,660240.4317471823
220000,-150203.5946668963
400000,451677.1868777531
315000,293200.6987240689
1000000,560998.5051611857
500000,599847.8953626303
1600000,1625654.203805925
500000,639805.1176277406
70000,-73023.22737247308
105000,-11420.096485337395
400000,302422.4473712836
80000,-107248.57239474743
300000,391734.4927247844
409999,716230.1475322209
250000,108075.27459419642
250000,354998.71247973543
215000,469062.5380830769
1400000,591513.2109780642
475000,471870.16183466115
475000,470596.41133625316
75000,41385.243053681006
200000,465649.0874064902
575000,516396.12313402747
150000,442832.190724974
850000,772219.8633172594
350000,502384.8676515394
550000,433915.93723611796
330000,396406.7115547119
1044999,725783.276270281
300000,387105.60641962365
235000,414472.6924096794
120000,150935.63576768056
130000,-61057.01096949882
275000,262493.8258123318
270000,353669.65583641344
500000,596734.7764526871
400000,401233.96660447575
600000,399454.5371581998
1350000,1317228.1082924576
400000,560252.3922133315
220000,423725.93324885383
300000,223028.1486753041
250000,408182.6369142607
600000,591513.2109780642
285000,1032800.2880399597
350000,182897.8710360108
170000,438547.83226619865
229999,345297.90567780624
500000,562718.3731782495
75000,216870.32991825324
600000,391734.4927247844
220000,469454.38771055115
150000,290092.7432058409
65000,-89343.15897771248
120000,-59130.43403072368
240000,573736.0101452661
390000,428617.9510337028
180000,231463.15450503142
320000,454240.6390657321
310000,481423.29057272116
420000,1338678.882556611
550000,515122.37263561925
550000,617870.1218171577
760000,746744.8533490992
43000,-258195.85630700705
250000,471870.16183466115
500000,520695.03106615436
380000,363033.60761763935
1850000,1681643.9195909633
350000,508248.47176708153
195000,300338.0533380189
225000,123376.23176625566
1125000,626541.3496842845
133000,469454.38771055115
200000,284902.1849170077
940000,765851.1108252192
400000,554629.7526691458
120000,24134.305180258838
625000,616988.2209462244
110000,-45827.311133516705
490000,493600.34103538934
140000,24134.305180258838
175000,373412.7885617376
90000,-88371.38934919398
275000,330852.7591548971
300000,426910.3094948739
270000,420409.8301301278
130000,86492.77345733749
275000,354851.03441586625
352000,487868.4637925533
180000,260925.26249065297
150000,205988.14453687123
300000,426910.3094948739
300000,361367.4649717755
225000,296445.54450671806
600000,603032.2716086502
500000,323007.271955666
900000,481423.29057272116
600000,371991.3599994603
450000,404619.6757727337
270000,135057.76827722252
310000,382558.11648116034
250000,254556.50999861292
700000,580040.9220770623
650000,820900.0045297476
400000,588616.3410037151
425000,571863.9744486529
600000,672543.5324756366
600000,601327.1992290954
300000,374446.3524455938
450000,566429.5179471951
750000,632974.9061143075
325000,443207.15290931956
900000,554482.3024555433
180000,-1535.949955126831
350000,506577.8199609164
600000,528692.0392390271
900000,777259.5591659772
350000,272299.59118187975
280000,499577.24389995506
225000,318115.25417081703
520000,578831.012138898
509999,666609.1842392224
556000,506206.11914676335
225000,554629.7526691458
325000,619339.9419023322
365000,619339.9419023322
850000,681006.2287852927
350000,612971.1894102921
225000,407592.32078688266
135000,194579.69619611313
140000,114248.24704552851
665000,414737.06847310485
275000,431374.0877730553
2750000,1584949.4940017827
484999,619339.9419023322
565000,693106.8585201688
425000,621834.5822534643
925000,546405.6805744078
565000,577998.3568489859
525000,656223.4002112504
1650000,773242.5276300453
295000,375051.21354084933
2050000,1104866.488403219
1475000,1413077.9569577046
1100000,1310711.6777365487
4400000,1384626.272418254
670000,657560.840834131
750000,889902.9905792114
760000,589957.0680046084
850000,1318811.2271266556
390000,879960.7310638875
450000,1454241.7794221288
425000,569432.3873467443
770000,914878.1554785129
1150000,1701646.665686133
775000,582836.1658432584
1725000,1647144.6921857954
2150000,1613357.7940303409
450000,608002.7508976511
3800000,1708141.5938719097
1580000,1475321.7833878137
4950000,1732287.5471967477
535000,671322.0610833319
225000,141153.4325990538
550000,1370978.4903578055
670000,657560.840834131
625000,617611.4650755448
520000,1376952.3801953392
239000,451294.37381942477
2600000,1832269.5211197592
750000,889902.9905792114
229999,298140.7533847757
1300000,1492835.8527409239
80000,35653.81603872556
385000,590735.861833066
760000,589957.0680046084
600000,963330.4526892221
450000,608002.7508976511
3800000,1708141.5938719097
1580000,1475321.7833878137
4950000,1732287.5471967477
535000,671322.0610833319
225000,141153.4325990538
550000,1370978.4903578055
670000,657560.840834131
625000,617611.4650755448
520000,1376952.3801953392
239000,451294.37381942477
2600000,1832269.5211197592
750000,889902.9905792114
229999,298140.7533847757
1300000,1492835.8527409239
80000,35653.81603872556
385000,590735.861833066
760000,589957.0680046084
600000,963330.4526892221
450000,608002.7508976511
3800000,1708141.5938719097
1580000,1475321.7833878137
4950000,1732287.5471967477
535000,671322.0610833319
225000,141153.4325990538
550000,1370978.4903578055
670000,657560.840834131
625000,617611.4650755448
520000,1376952.3801953392
239000,451294.37381942477
2600000,1832269.5211197592
750000,889902.9905792114
229999,298140.7533847757
1300000,1492835.8527409239
80000,35653.81603872556
385000,590735.861833066
760000,589957.0680046084
600000,963330.4526892221
450000,608002.7508976511
3800000,1708141.5938719097
1580000,1475321.7833878137
4950000,1732287.5471967477
535000,671322.0610833319
225000,141153.4325990538
550000,1370978.4903578055
670000,657560.840834131
625000,617611.4650755448
520000,1376952.3801953392
239000,451294.37381942477
2600000,1832269.5211197592
750000,889902.9905792114
229999,298140.7533847757
1300000,1492835.8527409239
80000,35653.81603872556
385000,590735.861833066
760000,589957.0680046084
600000,963330.4526892221
350000,216249.40586021225
114999,317967.57610694796
380000,216249.40586021225
95000,-479496.60616051673
900000,682531.0654693225
200999,153890.9375831339
229999,329780.975104433
800000,777259.5591659772
150000,395648.11613896367
600000,740376.100857059
150000,203572.37041276135
150000,404603.7245815707
380000,518306.74888163945
80000,-52448.338916075336
225000,-8235.720239317314
75000,244264.34701403196
1600000,739794.5317527691
185000,503153.46977344947
425000,488560.6451866713
100000,354998.71247973543
140000,21179.003364805503
710000,1311985.4282349567
450000,1238282.1991420407
210000,415880.4460496227
270000,394918.8689708045
110000,139919.0370543967
540000,473462.34995767113
145000,99851.2024994584
360000,462656.5853040811
250000,298700.3461484568
110000,506337.84601946943
250000,323277.4305963241
150000,349848.40434118937
140000,151327.48539515492
925000,514485.49738641526
969999,722598.9000242609
90000,4449.575660317925
55000,-217898.9473215021
155000,286393.9722874059
900000,805918.9453801573
135000,169104.68622795295
180000,186881.8870607512
495000,478386.5923905701
400000,321473.39870248985
250000,287600.5483539388
138000,274743.18478411384
311000,999101.2059770613
190000,329376.02444770606
311000,431241.87275831087
300000,143103.41330041667
600000,471870.16183466115
550000,382949.9661086345
600000,1198732.2461664719
195000,481423.29057272116
58000,282374.42705291696
183000,459132.65685058106
95000,27939.60548431986
250000,275989.1158043976
250000,275989.1158043976
400000,314783.199860928
409999,466978.14404981217
120000,133697.96262622587
600000,1342500.134051835
600000,404471.9977088645
825000,573344.1605177916
625000,601774.4723014049
700000,851463.9070782501
160000,188210.94370407308
114999,150935.63576768056
150000,118902.15383066454
250000,486398.9332534373
390000,516984.89640639257
650000,604250.7159621443
600000,685715.4417153425
250000,149998.4287518328
229999,191050.8547041175
299000,620880.729777525
330000,352451.21148291946
180000,162344.08410843866
475000,420975.4480432548
325000,604250.7159621443
639000,459443.19263298996
415000,1362839.2246729783
1199000,1621577.942871817
525000,344730.94071018195
425000,328977.0812025019
699000,746228.7250580413
325000,344274.8246883821
275000,260070.7964865904
269000,1113777.7195819155
399000,632683.1152484051
475000,779555.8719754047
249000,266797.47286868305
1549000,1540090.8244831294
254999,258466.5077338455
269000,296406.5420811932
665000,659974.5954290619
299000,368888.24444613594
265000,173715.96787640298
211000,175257.84285472587
599000,1144768.098518115
55000,211404.59288002513
550000,599211.0201134263
4000000,1604637.3205821929
220000,354998.71247973543
500000,508753.6201435793
140000,170433.74287127506
325000,555958.8093124677
210000,94945.91998264226
110000,6357.104347460692
1200000,799550.1928881174
229999,422249.1985416628
225000,141153.4325990538
165000,-42061.36578320664
525000,1413536.5071371314
325000,538035.0761387963
1500000,746744.8533490992
400000,1224207.256134632
550000,396080.37208791694
98000,-103035.47127204911
900000,620197.1759877608
700000,703492.6425481408
890000,701386.2367598207
490000,696682.9130444492
525000,395700.79443939135
330000,331457.07342290226
550000,558700.3272310214
790000,819112.2957052321
350000,366247.6869711023
1700000,1563295.7355288465
750000,772895.4306192291
409999,661610.7279442672
220000,383009.3018106896
68000,24134.305180258838
290000,434986.70352574287
600000,680117.0489356371
470000,516396.12313402747
150000,96666.82625343832
180000,315745.2883332057
80000,-2575.1003325583756
875000,483690.5664598874
300000,489647.3626674592
2800000,1598323.8742350668
1330000,750190.8279851065
220000,546428.3487441766
250000,555958.8093124677
919999,723621.5643370468
380000,304821.0398754432
450000,527991.6044924057
770000,1273828.2194276303
550000,727638.5958729789
320000,404619.6757727337
400000,277899.7415520097
450000,1285236.6677683885
220000,425810.32728211855
400000,409659.37162145175
530000,191411.27114125606
390000,540745.0606676487
185000,441503.134081652
300000,147522.18509109385
575000,521638.80319152866
300000,289308.1898927678
425000,785343.1573649214
350000,403198.2472104565
550000,799993.1987223611
500000,1291605.4202604285
600000,629725.7259303045
300000,526152.2360808707
1150000,828321.511808722
475000,424855.6695974523
260000,274850.12351961853
350000,236502.85035374935
750000,633995.7151370146
180000,199876.96517978958
350000,1378768.748406069
611000,786362.1577636478
325000,502507.52523543325
225000,299302.4138393238
300000,1254563.120675256
400000,657764.1880864433
711000,589716.8614343395
851000,700334.1188481357
500000,321151.95235296804
250000,269823.34752114076
150000,415880.4460496227
610000,643171.3634996652
450000,481423.29057272116
744000,674196.3810847567
120000,14810.250872765457
220000,335352.9273122717
480000,458073.75884791726
370000,1264856.6597938603
55000,150948.90049964792
125000,169630.94918732892
260000,403519.69355997845
350000,585144.458486024
170000,163218.0889510965
350000,264541.3125098886
250000,77168.71914984394
170000,555958.8093124677
1300000,756297.9820871593
550000,505569.24389755935
400000,438171.07977176295
120000,213685.95367223327
120000,213685.95367223327
275000,144958.73290311487
285000,353521.97777254414
900000,653871.6792551423
2500000,1397682.2150269365
620000,497492.84986669035
1700000,775404.2395632793
650000,475054.5380806811
500000,314783.199860928
250000,318115.25417081703
950000,716938.2801175017
320000,335744.7769397461
450000,517746.29436022753
350000,647502.9267631024
400000,316638.51946362597
200000,478238.9143267012
250000,348685.2661326093
550000,48861.82760938713
85000,-312856.5154487235
52000,-211530.19482946207
1200000,1579217.6167589466
450000,1020291.8574864463
615000,459132.65685058106
400000,466978.14404981217
60000,274715.36530598963
500000,441889.7943518651
600000,345297.90567780624
110000,119483.72293495464
175000,249240.35533782945
325000,404619.6757727337
425000,684386.3850720206
160000,84585.24477019443
100000,-9335.702452072677
390000,508901.29820744833
400000,415880.4460496227
509999,481423.29057272116
150000,21179.003364805503
110000,76231.51213399619
450000,543221.3043283876
400000,371425.7420863334
140000,76231.51213399619
130000,463085.6352185111
160000,415880.4460496227
150000,372628.2352486643
500000,478386.5923905701
40000,214322.82892143726
140000,171336.75832508688
227000,571259.7664845269
285000,436463.4382329339
155000,199060.04088242954
210000,391734.4927247844
140000,49609.315148419024
940000,586418.2089844323
750000,543221.3043283876
610000,641134.1742710625
450000,636094.4784223444
409999,521622.8520003656
100000,471040.9502601975
300000,477920.4767020992
400000,526025.6725998796
210000,99230.27844141758
90000,-86516.0697464959
222000,144958.73290311487
240000,290016.3224780488
450000,497492.84986669035
450000,608002.7508976511
3800000,1708141.5938719097
1580000,1475321.7833878137
4950000,1732287.5471967477
535000,671322.0610833319
225000,141153.4325990538
550000,1370978.4903578055
670000,657560.840834131
625000,617611.4650755448
520000,1376952.3801953392
239000,451294.37381942477
2600000,1832269.5211197592
750000,889902.9905792114
229999,298140.7533847757
1300000,1492835.8527409239
80000,35653.81603872556
385000,590735.861833066
760000,589957.0680046084
600000,963330.4526892221
450000,608002.7508976511
3800000,1708141.5938719097
1580000,1475321.7833878137
4950000,1732287.5471967477
535000,671322.0610833319
225000,141153.4325990538
550000,1370978.4903578055
670000,657560.840834131
625000,617611.4650755448
520000,1376952.3801953392
239000,451294.37381942477
2600000,1832269.5211197592
750000,889902.9905792114
229999,298140.7533847757
1300000,1492835.8527409239
80000,35653.81603872556
385000,590735.861833066
760000,589957.0680046084
600000,963330.4526892221
735000,1457990.3952294586
285000,576533.5437758167
350000,225038.09765185905
290000,1363639.6705573485
890000,1652012.4024072955
385000,285682.0977580802
425000,508970.5352643555
525000,1377439.58976098
550000,508081.45741646667
271000,298665.5385901198
1490000,831974.6282381562
490000,420728.71798261034
260000,379689.6486726359
455000,662050.8087414671
75000,218625.4007676239
421000,425340.33166209655
550000,736995.9445703309
330000,1211910.8463590478
390000,594904.8472143554
599000,1573954.2203603224
110000,17888.033265007845
250000,394918.8689708045
600000,464442.5113399572
280000,236650.52841761857
2700000,1632022.956297965
80000,58454.311301198046
350000,518306.74888163945
475000,629725.7259303045
4700000,1720756.4412720953
500000,746744.8533490992
250000,554629.7526691458
100000,170581.42093514415
350000,518306.74888163945
4000000,1470477.8675798038
1900000,1304342.9252445088
95000,-123399.52805541418
409999,630999.4764287125
1050000,756297.9820871593
320000,428617.9510337028
1000000,809103.3216261773
1770000,725783.276270281
950000,765851.1108252192
750000,746744.8533490992
220000,310325.07311649993
1000000,709861.3950401808
660000,667827.6285927165
716000,604250.7159621443
675000,331923.52544452215
385000,376189.3639891203
325000,586473.5151293462
950000,629725.7259303045
400000,1149381.4415141316
250000,615132.9013435263
4000000,1310656.3715916346
210000,324336.328598988
147000,104269.97429013552
725000,761806.9529927738
550000,499969.0935274294
475000,394918.8689708045
250000,253132.86416913054
70000,-48303.55479425568
160000,181450.3415845588
1000000,1280344.6499835395
68000,-186992.39187714958
500000,430847.0144059168
170000,555958.8093124677
1300000,756297.9820871593
1050000,845986.7799350955
300000,143103.41330041667
600000,394918.8689708045
900000,709861.3950401808
550000,505569.24389755935
100000,-6325.094491705335
400000,438171.07977176295
120000,213685.95367223327
300000,536852.5518363477
140000,430094.6857408939
640000,359309.1611602943
380000,470497.6956726265
120000,213685.95367223327
650000,440026.3993744609
150000,62346.82013249912
550000,462317.03309660114
650000,578608.4833377234
1025000,464843.9197540606
195000,501906.3106980723
3800000,1708141.5938719097
1490000,1504618.0448511979
4950000,1732287.5471967477
1140000,1590536.0089499168
95000,475823.1402025912
3050000,1591955.1217430267
550000,1370978.4903578055
625000,617611.4650755448
520000,1376952.3801953392
239000,451294.37381942477
2600000,1832269.5211197592
229999,298140.7533847757
1300000,1492835.8527409239
585000,671195.8050461065
825000,1598067.6956470034
280000,627619.3201419841
725000,630740.1134644027
300000,610619.4684541842
375000,329376.02444770606
310000,-148752.05744678533
375000,362122.8023617182
1950000,1506669.1444946043
400000,454240.6390657321
550000,528007.5556835686
270000,471870.16183466115
555000,435134.38158961193
500000,503861.6023587303
400000,1217986.1817064611
280000,429358.00007327786
80000,-11601.96611124241
55000,272299.59118187975
250000,305230.07112286787
250000,339725.5747858005
95000,257085.8425370607
725000,492979.4169773483
320000,598819.1704859518
1200000,1377157.537713459
160000,525444.1034955897
790000,832689.8391430122
1200000,532321.668278187
175000,181842.19121203304
950000,1638391.708790005
340000,489647.3626674592
825000,733107.3416361271
3100000,1339952.633055019
780000,829232.2434150837
350000,970670.894193448
690000,526335.0409356696
245000,372628.2352486643
790000,813947.2374341877
680000,520221.03854331106
540000,382889.4965720055
425000,394918.8689708045
140000,39348.053825077965
1100000,796365.8166420974
715000,645647.6071604046
1580000,1475321.7833878137
1750000,1522567.304003048
400000,464684.7052438721
1750000,1501789.7838712498
1850000,1233358.3592530088
114999,-37727.761743409596
950000,831528.8155637134
310000,419705.89633238874
575000,401915.1128137114
490000,794259.4108537775
480000,480369.10469785286
3500000,1606989.0415383007
370000,544804.4231625856
835000,799354.4128474095
650000,486267.2063807312
670000,672212.1533425169
950000,1631134.994863139
690000,392812.4631824844
670000,502449.5695877557
925000,791224.0634160712
250000,354851.03441586625
509999,678072.9387248945
520000,560998.5051611857
100000,235416.13287296158
85000,92827.3343873416
130000,339305.9056802019
950000,827563.6302621693
450000,329376.02444770606
320000,179365.94755129408
480000,636094.4784223444
2490000,1471114.742829008
790000,505064.09552106145
120000,334415.7202964241
75000,-46219.16076099096
99000,144958.73290311487
1015000,765851.1108252192
250000,414699.0674701698
520000,443979.37774239096
1100000,1628838.580051945
200000,157080.47722086904
525000,666609.1842392224
500000,385365.74023274437
675000,602076.5258631285
150000,77168.71914984394
250000,341026.81195099826
450000,480786.41532351717
150000,57251.81813886706
200000,503153.46977344947
525000,1345179.361921357
60000,-290565.8817265834
180000,367736.2174638155
475000,597881.9634701042
380000,1176589.2905082009
285000,292563.8234748649
91200,25463.36182358083
250000,418427.9470464388
400000,641189.4804159766
160000,801946.4094483899
650000,451056.2628197121
409999,443587.5281149168
425000,548316.3063220198
250000,216660.3037393187
200000,59811.18742264413
250000,216660.3037393187
130000,369021.8362491846
260000,495183.4598695872
155000,104058.24305826444
450000,643736.9814127926
220000,153890.9375831339
650000,821589.7404246356
285000,532066.9181785055
725000,1403970.6408940873
625000,458300.0015606688
550000,462758.1283050969
240000,304397.41583295586
600000,680424.6596810026
350000,582456.4835934141
245000,420142.79275334266
600000,735722.1940719229
2400000,1591955.1217430267
620000,646670.2714731903
395000,318424.6225066069
635000,395200.7453669994
180000,270061.45852085354
484999,635914.6495727992
110000,-69973.2644583549
150000,-48303.55479425568
400000,487231.5885433493
200000,460609.3915577721
302000,503861.6023587303
215000,440296.558015119
155000,-134807.97639617234
1000000,514633.1754502845
550000,750566.1048443231
200000,13346.7808975418
750000,665280.1275959006
90000,-104293.27057929404
80000,-49632.61143757756
229999,291592.5594098958
350000,441355.4560177829
325000,320760.1027254938
450000,479194.2272005072
250000,480862.83605130936
225000,480862.83605130936
150000,57905.7903624197
110000,6357.104347460692
150000,111967.78342549768
165000,-240296.17489742005
610000,669227.9425721155
170000,555704.0592127861
150000,312470.52683535515
300000,536852.5518363477
375000,622083.2229398564
390000,536852.5518363477
600000,441355.4560177829
204999,269054.7453992307
270000,343590.2641389772
375000,441355.4560177829
700000,557674.0206624533
455000,422249.1985416628
375000,441355.4560177829
341000,317017.99511038477
200000,510720.8507944243
450000,1307527.3014905287
170000,179365.94755129408
1900000,678017.6325799807
500000,666609.1842392224
819999,650687.3030091226
351000,259501.61666117058
195000,123376.23176625566
250000,305433.05533165095
120000,19094.609331540785
180000,70799.96665780389
430000,692084.1942073826
75000,188919.0762893542
750000,690755.1375640607
60000,200948.44868815318
1500000,638379.5868164885
390000,402084.04306287883
630000,672977.9367312624
1085000,769035.4870712392
190000,172997.19505925404
550000,1338042.007307407
200000,168712.8366004787
165000,188210.94370407308
260000,552774.4330664477
151000,200948.44868815318
780000,746744.8533490992
175000,469062.5380830769
170000,481622.36888440733
210000,522661.4675043144
90000,65446.232631172716
535000,441844.4188717358
195000,367545.60511693486
140000,425810.32728211855
350000,237831.90699707146
425000,258156.60882668558
300000,428426.8884589416
340000,487939.7211286302
250000,167852.3301488154
170000,130545.34979917646
315000,579290.6787313875
200000,342113.52943178616
300000,394918.8689708045
300000,691989.1424578156
380000,288366.7309370085
250000,-294480.88825833943
310000,599691.7035891395
260000,157696.23788719496
150000,31832.11431562088
85000,-48303.55479425568
280000,312306.956200189
850000,679346.6892233025
375000,382889.4965720055
125000,222286.77826140725
250000,487231.5885433493
715000,482025.97425988934
220000,475823.1402025912
110000,361367.4649717755
150000,-26705.10246623346
300000,449019.07359110913
220000,422249.1985416628
75000,-71231.06376559977
100000,433899.98604495486
380000,401287.62146284455
100000,47045.86296044006
480000,86492.77345733749
300000,478315.3350544933
190000,549590.0568204278
190000,422396.87660553184
650000,502180.1713573424
300000,204407.05882737762
700000,752535.7006509085
310000,417643.05740021693
500000,476965.1638282932
415000,340789.84332473774
395000,1238357.120392177
430000,324793.37499864696
215000,57820.28839720392
550000,655224.1429452493
415000,645805.3948847714
450000,681837.3509855038
285000,602028.9630618843
580000,1326382.4727810267
300000,576218.4945309942
1200000,740376.100857059
78000,800.3384882229271
65000,-221312.39799808883
400000,648477.3458943847
850000,657056.0555011623
450000,465649.0874064902
2500000,1404353.4539524154
780000,697123.8900561007
3200000,1574759.4900145186
350000,557737.7081873736
285000,465649.0874064902
525000,672089.9752964366
550000,588204.3120274129
580000,734007.3483650191
75000,246993.18610765724
185000,371149.6681404021
110000,-1218.2242111122941
180000,-211233.00630065278
350000,361367.4649717755
60000,-127220.7795506382
695000,734007.3483650191
2700000,1681643.9195909633
135000,-20452.898144797808
640000,571259.7664845269
160000,279755.0611547077
80000,-113154.21792323617
340000,472017.83989853016
110000,454240.6390657321
250000,484755.34488261025
1300000,697123.8900561007
250000,578956.9387446397
450000,324357.4431818662
240000,232820.03062647738
225000,244348.33755298072
275000,283647.56998600875
320000,428765.629097572
75000,39348.053825077965
85000,-5051.343993297291
90000,370212.4611245544
85000,-24157.60146941749
350000,306706.80583005893
355000,1200208.980873663
619000,557419.2705627715
1700000,746744.8533490992
55000,220202.38422814241
95000,-11116.23429963329
300000,391882.1707886536
81000,-11116.23429963329
1000000,1434247.2357112528
925000,783628.3116580173
450000,642463.2309143846
600000,622603.4480166894
85000,810399.5559736947
700000,672977.9367312624
486000,430847.0144059168
400000,536852.5518363477
120000,14810.250872765457
275000,462317.03309660114
580000,668519.8099868344
375000,329376.02444770606
229999,272994.4590351934
110000,81397.77146370555
600000,703492.6425481408
120000,52156.81614523511
200000,367736.2174638155
450000,435134.38158961193
550000,454240.6390657321
220000,160259.69007517394
40000,-161517.38190898945
300000,1304342.9252445088
630000,753113.6058411391
610000,664132.9405784835
660000,464935.7914294941
220000,215196.80802895568
138000,410988.42826477374
210000,585401.5520831691
125000,50034.45916575201
125000,117377.31714663446
725000,560998.5051611857
170000,117007.47927421561
1200000,586081.6655018717
70000,-178060.18719713055
100000,-17788.84897737744
300000,-61041.05977833577
450000,478386.5923905701
530000,604250.7159621443
100000,-49458.843151924935
350000,64202.13973519732
165000,404619.6757727337
475000,686949.8372599995
350000,567422.5637981398
229999,386639.49073115236
800000,756297.9820871593
475000,502532.5457154084
425000,543862.739706103
660000,554064.1347560189
610000,1384478.594354385
240000,231071.30487755706
70000,-85187.01310317396
550000,443979.37774239096
100000,61017.76348917724
350000,374104.9699558556
200000,223765.34536966938
720000,1388936.7210988132
350000,546350.3744294937
400000,394918.8689708045
570000,425433.57478768285
130000,329376.02444770606
210000,377723.23724229634
800000,745471.1028506912
700000,716867.0227814249
200000,502133.0936224578
495000,521638.80319152866
325000,646465.1976429466
650000,516396.12313402747
155000,30745.396834832987
75000,-30526.353961457535
350000,695235.2956030085
90000,120420.92995080244
600000,653871.6792551423
400000,365699.02823521255
370000,542655.6864152607
50000,-217507.09769402794
125000,-160282.98636433246
1800000,1631386.081048761
650000,1378109.841862345
800000,1297592.0476029462
802000,555190.2071905576
2300000,1477728.5209427776
430000,682531.0654693225
650000,433076.0777781309
170000,185795.1695799632
450000,1240094.9458026963
250000,244782.2285934015
550000,239121.60868664246
2000000,1370670.32308068
140000,-36895.10645349758
155000,255664.41397478362
120000,109594.05071433444
287000,512706.5985115095
675000,666609.1842392224
235000,126879.04563687774
300000,392710.1086126188
434999,1165741.2966888547
225000,951857.5950298492
160000,-99253.57473057599
600000,555190.2071905576
470000,589036.9673173251
300000,110638.72678217557
600000,483333.91632033326
640000,1425183.3041585274
50000,236773.00899440766
600000,351666.6581698463
290000,373541.5693099337
600000,354851.03441586625
190000,480862.83605130936
160000,8441.498380725352
325000,438171.07977176295
200000,289013.7452219897
2800000,1622469.827559905
125000,150935.63576768056
155000,54771.491573926076
550000,610619.4684541842
130000,85286.19739080431
80000,-202206.14052196874
500000,564891.013992487
250000,504295.49339915137
580000,512706.5985115095
60000,-137371.42858415132
300000,439465.944853049
200000,521638.80319152866
1200000,731260.4034134354
350000,564891.013992487
600000,454240.6390657321
650000,518943.62413084344
120000,90298.07376139828
180000,354998.71247973543
950000,1327600.4375967071
250999,482900.0252799124
385000,590735.861833066
1250000,1300528.8779173596
165000,268346.6128139496
700000,409952.78876607853
750000,700749.3615106167
89999,274099.6046396637
290000,1410976.2686353312
45000,280518.4998849027
675000,1474048.0328894057
530000,699475.6110122087
1485000,1536406.5011664843
325000,652393.2324625375
400000,696291.2347661888
380000,763052.5236427812
750000,1318103.0945413746
390000,485630.3311315272
110000,139919.0370543967
1825000,873121.3294652458
3256000,1740566.9254363996
370000,696291.2347661888
210000,491124.0973746502
175000,234807.07710188167
575000,448158.48043583386
320000,388926.8689732004
280000,351032.7916455622
500000,421067.81996220985
380000,607876.1874166601
120000,-59712.00313501378
395000,471870.16183466115
360000,381620.9094653127
451000,604250.7159621443
175000,108783.40717947771
170000,72027.32392040003
100000,-35566.04981017559
150000,223373.49574219502
149000,461938.4482010941
160000,417357.1807568138
434999,478238.9143267012
800000,531702.2436978016
819999,354998.71247973543
163000,-36895.10645349758
350000,35785.09268355116
75000,-73778.56476241586
180000,172997.19505925404
675000,722598.9000242609
400000,485902.5319000273
434999,478386.5923905701
100000,-80147.31725445585
419000,507572.24156412645
200000,88969.01711807628
400000,608764.1488514864
790000,701016.3988874017
500000,558522.2615004468
275000,428765.629097572
450000,428765.629097572
1400000,902999.1600329201
800000,658385.1121444844
315000,377527.4572015883
700000,511301.1211403953
585000,738906.5703179429
350000,317967.57610694796
495000,646670.2714731903
500000,415880.4460496227
345000,338733.37314505805
500000,367588.53939994634
360000,456389.37581305683
210000,173618.11911729514
220000,361605.57597148826
250000,122086.5300766845
990000,678403.4216435626
220000,507694.72214091534
1800000,1342703.1182606178
530000,305230.07112286787
575000,672977.9367312624
400000,560802.7251204778
680000,672977.9367312624
1000000,1449460.9843560718
260000,330084.15703298704
150000,105599.03093345763
180000,33916.508348885596
346000,607161.7707244889
450000,655200.7358984645
500000,518306.74888163945
700000,810377.0721245855
280000,505008.7936782597
475000,1384478.594354385
300000,414793.7285688347
200999,311598.8236149079
200000,345674.65817224194
210000,49609.315148419024
160000,487231.5885433493
175000,307925.250183553
320000,506337.84601946943
110000,68715.57262453917
300000,96666.82625343832
700000,256938.1644731916
135000,366529.6413972824
500000,597881.9634701042
550000,428765.629097572
1050000,536460.7022088735
500000,398103.24521682446
180000,410988.42826477374
170000,105599.03093345763
484999,515759.2478848235
150000,129744.9842582957
380000,468685.7855886412
480000,515122.37263561925
135000,366529.6413972824
290000,430094.6857408939
350000,255609.1078298695
110000,321151.95235296804
70000,-156869.5356877457
300000,1013923.1049944061
180000,409511.6935575827
300000,545637.0784524975
509000,409511.6935575827
650000,653871.6792551423
450000,586081.6655018717
170000,24419.21298272293
210000,257085.8425370607
360000,491124.0973746502
495000,391882.1707886536
105000,-58956.665745071055
270000,114052.1774587624
130000,119483.72293495464
700000,521638.80319152866
400000,531812.8559876296
250000,62346.82013249912
325000,482207.8438857943
69000,52085.558809158
1380000,762666.7345791992
90000,21570.852992279815
1000000,679346.6892233025
145000,93909.29907768799
250000,534884.9434590611
256000,438547.83226619865
70000,222678.62788888148
50000,-258447.11949973414
240000,314162.27580288687
97000,108019.96844928265
130000,480862.83605130936
199000,119197.66394629523
125000,866781.1213862074
420000,629725.7259303045
525000,634765.4217790223
125000,61638.68754721813
325000,397542.7906954128
330000,479727.51732085337
110000,157696.23788719496
450000,520249.2183917116
85000,-70283.32070295046
229999,-17788.84897737744
250000,172997.19505925404
650000,624630.7239366723
600000,963330.4526892221
650000,694841.7092985527
750000,972520.5625352359
850000,723683.343835772
315000,687206.2119358459
415000,607231.0353887687
640000,909709.9128312224
780000,679185.4050473706
2595000,1811584.4499008625
850000,881803.2111598346
900000,884292.119633724
1150000,621225.8341165441
75000,44498.36196362403
215000,495510.96678300144
130000,893490.5268990246
400000,1380657.342859161
550000,1352634.831894185
245000,444288.74607818073
320000,390675.59472212073
730000,1483868.1990042508
120000,-95840.12405398928
950000,425433.57478768285
350000,379878.88861163816
100000,-59712.00313501378
350000,428617.9510337028
80000,-72449.50811909387
370000,261977.86032190954
160000,166628.442567214
130000,370212.4611245544
250000,391734.4927247844
270000,454240.6390657321
2600000,1678777.9809695452
160000,249240.35533782945
229999,359890.7302645842
750000,723235.7752734649
195000,443979.37774239096
320000,335744.7769397461
1100000,765851.1108252192
270000,396829.4947184165
300000,231463.15450503142
200000,525444.1034955897
120000,27069.633893907197
95000,-28050.110300718505
400000,236502.85035374935
229999,144924.54134107893
430000,692084.1942073826
300000,499969.0935274294
350000,255609.1078298695
450000,517746.29436022753
200000,324989.155039355
250000,428617.9510337028
368000,153890.9375831339
368000,153890.9375831339
650000,475657.2217678492
150000,-109664.34651885714
180000,280031.5199667731
525000,438171.07977176295
350000,151475.163459024
850000,707385.1513794418
350000,284424.02195882966
75000,44498.36196362403
160000,-37547.93289386462
500000,716230.1475322209
130000,52085.558809158
350000,552153.5090084069
70000,-45827.311133516705
750000,486610.66448530834
450000,560416.9360568959
430000,584171.0397542597
260000,425810.32728211855
370000,505945.996391995
229999,176521.21184830344
140000,425810.32728211855
700000,466796.27442390716
545000,553725.3941173884
200000,428617.9510337028
500000,591513.2109780642
70000,6357.104347460692
580000,540974.1350982155
160000,180413.72067960454
450000,480786.41532351717
160000,166612.49137605098
760000,673614.8119804664
300000,359946.0364094983
50000,-272512.22208171996
800000,800187.0681373214
680000,765851.1108252192
85000,123652.69057832097
1300000,660240.4317471823
500000,372628.2352486643
3500000,1515003.8288791701
145000,77560.56877731819
300000,555958.8093124677
600000,651395.4355944034
400000,277278.8174939687
130000,-59185.740175637686
45000,-240706.6250886159
641000,431802.3272797229
650000,636094.4784223444
784000,1108757.4650073352
635000,814776.5160167773
1000000,1108757.4650073352
495000,701177.3416780818
324000,281084.1177980297
2100000,1582466.1600677005
200000,462317.03309660114
320000,629725.7259303045
300000,360901.3492833043
180000,466796.27442390716
500000,274399.93640630745
305000,97901.22179809547
125000,98023.70237488441
800000,581960.0822400041
420000,382949.9661086345
875000,716230.1475322209
580000,586473.5151293462
350000,383602.7925490016
120000,-153914.23387229242
150000,442258.4714715947
650000,517746.29436022753
225000,86492.77345733749
400000,1196876.9265637738
250000,-39458.55864147666
120000,37103.530753282386
250000,144958.73290311487
175000,198472.20502741422
450000,608002.7508976511
590000,828372.4618286584
225000,690721.7607118997
900000,674888.5624788743
375000,1366266.250388945
320000,461699.64164091984
525000,637172.4488800443
650000,679631.7499957436
575000,791071.8502315115
355000,378656.637018427
470000,751410.3420855652
221000,160042.8638413091
195000,202023.23476960708
90000,-80983.15692061398
580000,631909.3118206223
325000,378741.97830182035
495000,337943.0109607958
290000,395996.83942850446
375000,549409.6680895798
211000,559502.7607350857
270000,67386.5159812173
70000,-115701.7189200522
225000,99230.27844141758
420000,549198.2071929536
280000,359783.6332209513
400000,262479.0811430331
850000,632910.1021763245
550000,469454.38771055115
550000,469454.38771055115
1000000,753113.6058411391
350000,522785.9902089456
350000,360038.4083284535
170000,-2966.9499600326308
828999,814197.5964152507
1119000,814197.5964152507
746000,814133.2720150811
1030000,814197.5964152507
1334000,1108178.5454058086
811999,814197.5964152507
1331000,1108178.5454058086
852000,814197.5964152507
45000,207464.87924406244
430000,512314.74888403516
140000,430094.6857408939
830000,623356.9734382643
409999,324484.0066628571
190000,469062.5380830769
200000,-24157.60146941749
120000,-80147.31725445585
850000,783628.3116580173
95000,424374.67678501894
213000,249240.35533782945
660000,762666.7345791992
415000,483105.1207684333
1100000,774667.2845706408
650000,575266.1620299008
969999,1477499.4465122106
1250000,682531.0654693225
715000,1595139.4979890469
715000,1595139.4979890469
565000,741454.0713147589
615000,512926.88465590007
199000,337171.57603829686
325000,499545.9490227556
409999,539455.3589780778
500000,1395257.3716140143
225000,486001.45040610014
135000,-17788.84897737744
750000,1323596.8607844978
155000,117283.93808628092
335000,537538.6726665733
114999,283876.78196334926
699000,322473.7690371669
110000,163006.0923765711
300000,212356.89702891128
700000,534376.3081756087
700000,665280.1275959006
210000,236166.30687118912
600000,443587.5281149168
180000,405942.56766709726
220000,136750.61199953975
70000,114444.02708623647
950000,681910.1414112817
800000,618317.2775895463
700000,443587.5281149168
265000,385365.74023274437
175000,425810.32728211855
260000,448508.761822896
950000,505945.996391995
250000,296473.363984842
630000,636094.4784223444
35000,203740.97530669902
450000,608002.7508976511
3800000,1708141.5938719097
1580000,1475321.7833878137
4950000,1732287.5471967477
535000,671322.0610833319
225000,141153.4325990538
550000,1370978.4903578055
670000,657560.840834131
625000,617611.4650755448
520000,1376952.3801953392
239000,451294.37381942477
2600000,1832269.5211197592
750000,889902.9905792114
229999,298140.7533847757
1300000,1492835.8527409239
80000,35653.81603872556
385000,590735.861833066
760000,589957.0680046084
600000,963330.4526892221
330000,466404.4247964329
150000,76231.51213399619
105000,352435.26029175625
185000,552774.4330664477
260000,599211.0201134263
450000,536270.9827320578
500000,386639.49073115236
260000,237831.90699707146
265000,470162.52029583225
800000,673049.1940673394
869999,653871.6792551423
690000,459132.65685058106
825000,443979.37774239096
160000,-50360.66184918458
300000,207464.87924406244
100000,-95840.12405398928
530000,566801.639740099
360000,391734.4927247844
220000,348482.2819238262
178000,425433.57478768285
515000,775404.2395632793
300000,314783.199860928
105000,352435.26029175625
185000,552774.4330664477
150000,454240.6390657321
260000,599211.0201134263
450000,536270.9827320578
500000,386639.49073115236
260000,237831.90699707146
265000,470162.52029583225
750000,438171.07977176295
800000,673049.1940673394
869999,653871.6792551423
950000,506337.84601946943
690000,459132.65685058106
825000,443979.37774239096
170000,255609.1078298695
160000,-50360.66184918458
300000,207464.87924406244
315000,293200.6987240689
90000,-35566.04981017559
100000,-95840.12405398928
65000,8441.498380725352
312000,447871.886573692
700000,762666.7345791992
150000,-24810.42790978459
450000,555958.8093124677
229999,354998.71247973543
111000,333329.0028156362
250000,416028.1241134919
750000,881400.0708296488
774000,1382526.3123763725
711000,1419604.6545115472
600000,785902.3338337226
455000,675515.7272619049
225000,329706.96954802267
650000,812287.6978721975
200000,268346.6128139496
875000,1527049.152469132
750000,1585586.3692509867
725000,1670817.0403544952
100000,-36895.10645349758
1100000,789997.0641500573
2700000,1591955.1217430267
280000,396192.6194692125
150000,427531.2335529148
200000,157696.23788719496
148000,367736.2174638155
254999,129744.9842582957
360000,209880.6533681722
95000,-67409.81227037581
185000,174292.0601405402
185000,531812.8559876296
300000,511937.9963895993
800000,459132.65685058106
60000,-211138.3452019879
80000,105599.03093345763
500000,479512.6648251092
250000,277899.7415520097
250000,432570.929401633
125000,-78818.26061113391
100000,-179266.76326366357
480000,426202.17690959293
320000,413404.20238888374
130000,92861.52594937754
57000,232939.8892122225
75000,-33089.80614943661
60000,-90934.84153717301
125000,71191.81628527814
105000,-132723.58236290756
125000,21807.956850594164
69000,-349739.9737576418
130000,447871.886573692
630000,496016.1151594992
330000,326899.78078696696
340000,275423.4978912706
60000,-71694.17072915108
550000,581173.4393054703
480000,508901.29820744833
315000,491124.0973746502
165000,480862.83605130936
170000,331231.34405040403
550000,479512.6648251092
465000,476328.2885790892
120000,469062.5380830769
220000,81185.02582053824
180000,423725.93324885383
150000,-17305.024447129144
520000,394918.8689708045
430000,505945.996391995
300000,359512.1453690774
1000000,849171.1561811157
725000,722598.9000242609
500000,500661.2749215474
250000,194579.69619611313
700000,754249.1544104698
185000,157304.3882597206
200000,443979.37774239096
315000,154888.61413561073
1100000,789997.0641500573
52000,-211530.19482946207
600000,441355.4560177829
1700000,809103.3216261773
451000,604250.7159621443
370000,372628.2352486643
2700000,1591955.1217430267
280000,396192.6194692125
350000,428617.9510337028
250000,194579.69619611313
204999,269054.7453992307
500000,511937.9963895993
150000,427531.2335529148
175000,108783.40717947771
170000,72027.32392040003
200000,157696.23788719496
800000,745471.1028506912
1200000,1579217.6167589466
400000,41385.243053681006
148000,367736.2174638155
200000,567367.2576532259
284000,627249.4822695651
80000,3401.8025320074157
170000,288034.4393943598
150000,188210.94370407308
110000,88356.90731175765
400000,660240.4317471823
275000,245711.5138458338
800000,438437.21997637063
550000,573736.0101452661
125000,-36895.10645349758
135000,86492.77345733749
349000,461756.5785751891
458000,580104.762637306
300000,462317.03309660114
95000,71191.81628527814
850000,746744.8533490992
750000,799550.1928881174
190000,517746.29436022753
150000,108075.27459419642
114999,47872.457686459784
320000,75839.66250652206
300000,458851.3733355694
275000,308940.71032826393
140000,61017.76348917724
830000,552005.8309445374
380000,268346.6128139496
150000,80124.02096529744
50000,71191.81628527814
155000,346066.5077997162
155000,346066.5077997162
300000,138589.98041107482
300000,540611.2365218266
385000,747185.948557595
221000,223624.87147387536
381000,747185.948557595
250999,418232.1670057307
60000,-219228.0039648241
380000,747185.948557595
180000,280768.6888983475
751000,767510.6503872094
1250000,1565647.4564849546
229999,362242.45122069225
1250000,800187.0681373214
782000,608584.3200019409
780000,608584.3200019409
245000,434098.7420909166
321000,535219.3443581862
509999,780248.1553712895
110000,411863.41451369063
400000,612971.1894102921
370000,242871.6028457894
175000,269823.34752114076
1000000,541906.881683264
92800,232171.28709031243
291000,573736.0101452661
92800,232171.28709031243
335000,486839.738915875
170000,277899.7415520097
295000,515122.37263561925
375000,515122.37263561925
215000,166628.442567214
150000,324484.0066628571
60000,-123925.79101479021
52000,-71694.17072915108
80000,98177.68061016078
140000,166628.442567214
120000,6357.104347460692
110000,222286.77826140725
280000,464442.5113399572
450000,620880.729777525
1150000,741649.851355467
650000,769035.4870712392
300000,283647.56998600875
73000,337655.4026873581
400000,575254.7862654038
300000,403142.94106554263
300000,1061459.67425414
450000,506337.84601946943
200000,36871.81016433893
580000,496016.1151594992
550000,445229.5681586908
190000,218873.32758482054
450000,719414.5237782409
220000,292492.5661387878
310000,285884.0892138446
650000,512893.3092634054
300000,366026.12707621325
200000,255609.1078298695
285000,305009.4529474409
335000,382601.4423119966
370000,139191.1179544895
375000,340617.88700745266
235000,176508.73853599618
345000,1194036.3056148882
365000,608460.8388954294
400000,306503.82162127586
250000,354851.03441586625
465000,1448583.7477987153
300000,441355.4560177829
655000,468685.7855886412
350000,353422.5638834376
500000,1278035.2599864365
465000,1269715.7586060846
263000,365172.76527583634
250000,205988.14453687123
60000,-296285.89068245835
70000,-89471.37156194923
250000,391734.4927247844
229999,359890.7302645842
195000,443979.37774239096
270000,396829.4947184165
650000,652542.6226118205
370000,528007.5556835686
509999,679346.6892233025
280000,205406.57543258124
180000,164064.990379235
300000,477920.4767020992
400000,526025.6725998796
210000,99230.27844141758
90000,-86516.0697464959
222000,144958.73290311487
240000,290016.3224780488
450000,497492.84986669035
650000,443902.9570145989
200000,448312.981782188
210000,503839.5906036751
75000,286920.820117782
450000,500864.38279037457
220000,203952.99608462813
325000,558963.3567089427
450000,455948.2806045611
825000,719414.5237782409
125000,59777.30738062786
434999,566975.4080257517
484999,405256.5510219377
175000,358412.163156322
220000,-71694.17072915108
1250000,624239.5294983378
215000,492635.95887277124
625000,654312.7744636384
615000,769035.4870712392
130000,586914.610337842
175000,562136.4992297466
150000,423725.93324885383
195000,444916.5847582387
550000,795036.7599987753
1500000,753113.6058411391
400000,86492.77345733749
1350000,805918.9453801573
217000,345297.90567780624
290000,385513.41829661356
700000,727638.5958729789
175000,311598.8236149079
575000,690755.1375640607
380000,589036.9673173251
350000,445508.5445256626
450000,455387.8260831492
130000,-103245.49745098353
320000,620287.234737101
550000,578831.012138898
370000,290016.3224780488
114999,92861.52594937754
1100000,557737.7081873736
170000,227718.32373759954
80000,276947.4374031234
950000,804645.1948817493
425000,535523.4951930258
500000,616988.2209462244
70000,-140421.3914982696
349000,517746.29436022753
330000,168712.8366004787
120000,94945.91998264226
430000,478386.5923905701
390000,573736.0101452661
225000,475130.9588084732
350000,1182321.167751037
100000,404108.23563768994
190000,305230.07112286787
315000,508901.29820744833
300000,577628.5189765671
280000,385365.74023274437
1650000,773242.5276300453
295000,375051.21354084933
2050000,1104866.488403219
1475000,1413077.9569577046
1100000,1310711.6777365487
4400000,1384626.272418254
670000,657560.840834131
750000,889902.9905792114
760000,589957.0680046084
850000,1318811.2271266556
390000,879960.7310638875
450000,1454241.7794221288
425000,569432.3873467443
770000,914878.1554785129
1150000,1701646.665686133
775000,582836.1658432584
720000,1388936.7210988132
1725000,1647144.6921857954
539000,478238.9143267012
420000,415880.4460496227
85000,-224267.6998135421
142000,-101041.71990139903
180000,236574.1076898265
400000,502532.5457154084
360000,1170449.6124467275
85000,-190797.69218121064
350000,370462.85940137063
380000,358035.41066188633
140000,64431.214165763835
200000,205988.14453687123
150000,126434.04453128467
150000,454240.6390657321
90000,-35566.04981017559
300000,257085.8425370607
280000,415880.4460496227
200000,200948.44868815318
110000,76039.63799038526
140000,-2508.835996708229
1050000,845986.7799350955
1150000,541731.5000851764
910000,743761.4703426252
160000,484929.6620535237
105000,-134171.10114696829
1200000,1377157.537713459
300000,477920.4767020992
70000,-111868.59913786709
160000,487231.5885433493
160000,525444.1034955897
225000,543221.3043283876
790000,832689.8391430122
145000,-169215.1910443515
1200000,532321.668278187
930000,765851.1108252192
210000,391734.4927247844
110000,274399.93640630745
175000,181842.19121203304
950000,1638391.708790005
650000,716230.1475322209
550000,489010.4874182552
85000,-12749.153128659389
340000,489647.3626674592
825000,733107.3416361271
509999,388550.11647876445
450000,608002.7508976511
3800000,1708141.5938719097
1580000,1475321.7833878137
4950000,1732287.5471967477
535000,671322.0610833319
225000,141153.4325990538
550000,1370978.4903578055
670000,657560.840834131
625000,617611.4650755448
520000,1376952.3801953392
239000,451294.37381942477
2600000,1832269.5211197592
750000,889902.9905792114
229999,298140.7533847757
1300000,1492835.8527409239
80000,35653.81603872556
385000,590735.861833066
760000,589957.0680046084
600000,963330.4526892221
450000,608002.7508976511
3800000,1708141.5938719097
1580000,1475321.7833878137
4950000,1732287.5471967477
535000,671322.0610833319
225000,141153.4325990538
550000,1370978.4903578055
670000,657560.840834131
625000,617611.4650755448
520000,1376952.3801953392
239000,451294.37381942477
2600000,1832269.5211197592
750000,889902.9905792114
229999,298140.7533847757
1300000,1492835.8527409239
80000,35653.81603872556
385000,590735.861833066
760000,589957.0680046084
600000,963330.4526892221
650000,697123.8900561007
140000,136113.73675033575
150000,181842.19121203304
450000,426141.70737296384
170000,157008.20528310136
400000,409511.6935575827
300000,391734.4927247844
250000,258211.9149715996
500000,515122.37263561925
85000,87490.45000981426
300000,487231.5885433493
80000,35653.81603872556
740000,1575200.5852230147
70000,28062.263068213837
484999,1454224.0213095453
164000,281084.1177980297
140000,940548.038004044
999000,1424737.1258410031
56000,-61622.62888262576
1050000,1252802.5891808104
190000,231904.2497135274
3899000,1700499.0908814615
235000,265539.64425150515
350000,507812.05918605346
465000,708313.5288454127
1900000,1370833.282800987
450000,672145.2814413505
790000,701056.9722559822
900000,802734.5691341374
450000,634495.1273341575
135000,95337.76961011633
425000,519134.68670560466
100000,432570.929401633
650000,552153.5090084069
90000,486013.1441898553
250000,435623.57877494686
300000,554629.7526691458
275000,317967.57610694796
600000,420020.1351694488
270000,320531.0282949269
240000,314162.27580288687
1200000,1377157.537713459
160000,525444.1034955897
790000,832689.8391430122
1200000,532321.668278187
175000,181842.19121203304
950000,1638391.708790005
340000,489647.3626674592
825000,733107.3416361271
3100000,1339952.633055019
780000,829232.2434150837
350000,970670.894193448
690000,526335.0409356696
245000,372628.2352486643
790000,813947.2374341877
680000,520221.03854331106
540000,382889.4965720055
425000,394918.8689708045
140000,39348.053825077965
1100000,796365.8166420974
715000,645647.6071604046
370000,242871.6028457894
175000,269823.34752114076
1000000,541906.881683264
92800,232171.28709031243
291000,573736.0101452661
92800,232171.28709031243
350000,398103.24521682446
65000,-261983.81341237252
650000,630999.4764287125
350000,378164.3324507923
75000,-91555.765595214
440000,579272.1073473939
270000,261977.86032190954
1150000,611642.1327669702
238000,395941.53328359046
1100000,1091974.380071018
1200000,634640.8990743912
260000,387989.6619573528
350000,430850.0231308367
480000,623356.9734382643
345000,417779.53104880283
500000,472017.83989853016
595000,497094.0856171992
1295000,876305.705711266
1350000,1068499.204752885
541000,814203.9651677428
515000,540983.1716673616
894999,1063658.9528589344
325000,593920.238079086
925000,470596.41133625316
844999,428617.9510337028
925000,471870.16183466115
300000,555958.8093124677
650000,15910.23308552082
175000,215345.49323422334
325000,616988.2209462244
600000,684386.3850720206
700000,465501.4093426211
95000,672189.777045515
490000,575319.1289794638
380000,530483.7993443075
550000,531430.0429293015
225000,336822.74739744596
570000,477474.6640276564
305000,528882.5419324855
240000,279198.8646768611
700000,699475.6110122087
288000,538435.6706705457
800000,760505.0226459652
430000,455060.31916973495
195000,424803.9037065537
325000,384533.08494283236
450000,614244.9399087001
630000,729990.316829087
250000,127638.57846997559
135000,91320.73807418435
110000,143048.1071555029
350000,588825.236085454
240000,355049.666801784
350000,223731.15380763356
600000,465501.4093426211
750000,765851.1108252192
270000,471870.16183466115
90000,-36895.10645349758
350000,258793.48407588957
285000,484755.34488261025
665000,298261.509155665
175000,87787.63853862355
350000,379144.6658045735
1225000,1406518.1418909035
285000,165795.78727730198
1000000,532936.2528936691
780000,824701.5128922465
300000,299318.3650304868
160000,-4123.574092642732
625000,507573.9698446179
265000,162791.23988082702
515000,521638.80319152866
210000,391734.4927247844
140000,49609.315148419024
940000,586418.2089844323
750000,543221.3043283876
610000,641134.1742710625
450000,636094.4784223444
409999,521622.8520003656
100000,471040.9502601975
650000,641134.1742710625
650000,690755.1375640607
150000,122320.3652949093
500000,478238.9143267012
1000000,454240.6390657321
340000,277899.7415520097
800000,514332.6473266063
1010000,517746.29436022753
350000,406704.0698059984
595000,660240.4317471823
700000,510985.69224071305
265000,496016.1151594992
320000,283647.56998600875
310000,156367.18124387285
700000,548261.0001771057
130000,49609.315148419024
150000,318115.25417081703
300000,549606.0080115909
150000,110638.72678217557
120000,-205027.39587417574
950000,595405.719809365
100000,-11420.096485337395
450000,619535.7219430404
30000,-107248.57239474743
200000,81453.07760861932
250000,370283.7184606316
1300000,772219.8633172594
425000,785343.1573649214
550000,799993.1987223611
500000,1291605.4202604285
1150000,828321.511808722
475000,424855.6695974523
260000,274850.12351961853
350000,236502.85035374935
750000,633995.7151370146
180000,199876.96517978958
350000,1378768.748406069
611000,786362.1577636478
325000,502507.52523543325
280000,423878.7029651733
300000,1254563.120675256
711000,589716.8614343395
851000,700334.1188481357
260000,553282.4001761102
550000,581684.5180995448
1044999,729990.316829087
550000,585490.557280622
210000,240395.35918505045
210000,255217.25820239526
290000,330852.7591548971
250999,339697.75530767615
600000,514931.31006085826
270000,502532.5457154084
550000,466851.58056882117
800000,725783.276270281
500000,555190.2071905576
535000,671322.0610833319
396000,459164.2412738387
600000,599211.0201134263
575000,568950.3764874239
520000,555190.2071905576
1400000,1628838.580051945
600000,1349123.6366435566
195000,630642.5669499557
281000,1254959.184388427
75000,67386.5159812173
400000,321151.95235296804
93000,349959.01663101726
560000,433765.65633558296
400000,518306.74888163945
459999,459132.65685058106
450000,714319.521784609
88000,166683.70471806228
250000,115470.59729611975
22000,-177226.34061902246
130000,482271.5314107146
79000,-82710.76944243499
120000,487231.5885433493
1700000,1273975.8974914993
300000,541365.9847256897
300000,541365.9847256897
145000,136734.66080837674
3200000,1672090.7908529032
240000,293821.6227821098
700000,759482.3583331793
145000,67386.5159812173
535000,528007.5556835686
420000,397466.36996762047
350000,398103.24521682446
550000,647558.2329080165
750000,258233.02955447778
198000,460609.3915577721
420000,562327.5618045079
420000,562327.5618045079
195000,185795.1695799632
150000,175693.72486438378
275000,148851.24173441585
65000,-217898.9473215021
200000,83929.32126935823
250000,361367.4649717755
450000,608002.7508976511
590000,828372.4618286584
225000,141153.4325990538
225000,690721.7607118997
165000,-42061.36578320664
860000,793181.4403960772
900000,674888.5624788743
182000,530483.7993443075
100000,432570.929401633
100000,-35566.04981017559
375000,1366266.250388945
525000,1413536.5071371314
320000,461699.64164091984
525000,637172.4488800443
650000,679631.7499957436
575000,791071.8502315115
355000,378656.637018427
470000,751410.3420855652
221000,160042.8638413091
195000,202023.23476960708
85000,-249279.60281815103
400000,562327.5618045079
650000,728967.652516301
400000,157696.23788719496
295000,454240.6390657321
60000,-11823.950780428993
110000,111636.4033346524
550000,595589.2125729697
190000,33916.508348885596
861999,832416.6196611037
782000,542256.9221657696
836000,828595.3681658797
696000,388928.36504112266
596000,693838.7301832708
612000,410261.1383884599
114999,351666.6581698463
340000,703492.6425481408
550000,555190.2071905576
114999,33916.508348885596
105000,-230244.60267810803
890000,802734.5691341374
715000,516396.12313402747
525000,317150.87200819893
735000,1457990.3952294586
495000,469790.5048068075
1025000,508557.8401028713
750000,623356.9734382643
600000,517746.29436022753
475000,336816.3059531202
80000,56419.16284895504
325000,621123.1926001033
1470000,1493225.547701603
350000,582086.645720995
2800000,1498886.167608362
210000,452639.38165391
349000,543415.2192483586
450000,268346.6128139496
1150000,1496338.666611546
210000,1048136.6942686727
4500000,1414288.019931192
825000,1374985.0725505478
2750000,1602782.0009794948
160000,487231.5885433493
550000,515270.0506994885
95000,-65325.418237111044
725000,521638.80319152866
670000,510664.2458911913
65000,26610.548840997868
500000,583997.271468607
600000,413969.82030201075
350000,351045.7341118053
200000,460609.3915577721
110000,274399.93640630745
150000,212356.89702891128
75000,103183.25680934763
350000,484755.34488261025
1700000,769035.4870712392
890000,1282892.1509803557
500000,554629.7526691458
600000,518179.37383179856
99000,99230.27844141758
235000,197127.19719292922
75000,-35566.04981017559
600000,521638.80319152866
1000000,747452.98593438
390000,499969.0935274294
600000,623356.9734382643
600000,351045.7341118053
730000,741084.2334423398
450000,1308992.114563698
250000,469454.38771055115
1400000,765851.1108252192
300000,471870.16183466115
800000,435623.57877494686
125000,334037.1354009172
2600000,1678777.9809695452
300000,231463.15450503142
295000,499969.0935274294
650000,337562.1595617719
200000,208651.93436508928
130000,163627.299745596
250000,524475.3609058815
400000,269292.006915936
430000,449864.0540114795
170000,270910.06500192865
450000,513848.62213721126
350000,242871.6028457894
130000,249350.9122919886
180000,588742.4423030575
475000,362090.2380361324
470000,403468.1249786834
200000,565741.6926780548
650000,595145.6880603211
400000,157696.23788719496
100000,-255719.61264626816
409999,573736.0101452661
640000,762666.7345791992
160000,-24157.60146941749
182000,530483.7993443075
750000,734007.3483650191
150000,119334.21247001443
80000,-11.648144579354266
240000,610227.6188267098
60000,-70365.11408582915
70000,-34810.71242023275
285000,1169694.2750567845
350000,577628.5189765671
699000,596734.7764526871
275000,399524.67377910175
350000,403290.6191294118
135000,-52587.91325303101
325000,369820.61149708024
650000,440229.383583244
300000,281176.48971698486
1200000,451582.5257790881
450000,291659.91084887576
425000,519580.49938004743
150000,-57931.83481172173
290000,452911.5824224101
335000,246764.1116770905
120000,35469.454057097915
20000,-62896.379381033745
250000,-39458.55864147666
120000,37103.530753282386
250000,144958.73290311487
220000,460609.3915577721
61000,-49927.68868149262
620000,660240.4317471823
425000,515270.0506994885
85000,318115.25417081703
270000,590366.0239606472
180000,306524.93620415404
300000,471870.16183466115
800000,435623.57877494686
125000,334037.1354009172
450000,428617.9510337028
450000,530121.952200993
250000,368241.36584031343
725000,512706.5985115095
250000,154511.861641175
99000,380473.7224478956
350000,412696.06980360276
511000,440026.3993744609
300000,506337.84601946943
1100000,988839.9446537204
125000,114052.1774587624
500000,465501.4093426211
385000,491124.0973746502
350000,205988.14453687123
60000,-100487.97027523308
300000,231463.15450503142
400000,512706.5985115095
550000,560998.5051611857
300000,160259.69007517394
250000,457935.32707996515
800000,442650.3210990691
300000,468685.7855886412
80000,-108185.77941059512
1200000,845349.9046858915
355000,1291605.4202604285
520000,636094.4784223444
500000,540729.1094764858
114999,96666.82625343832
1800000,599211.0201134263
800000,765851.1108252192
105000,44569.61929970097
135000,176747.18921840098
170000,148851.24173441585
550000,273386.30866266764
250000,70799.96665780389
650000,559851.3181437689
210000,898814.6033232234
260000,424873.12026627094
750000,660877.3069963863
1350000,1497752.891005748
220000,428765.629097572
110000,-6380.400636619459
1230000,1566480.1117748665
220000,524115.0468522675
130000,414793.7285688347
330000,235284.4060002555
254999,80124.02096529744
600000,253132.86416913054
210000,231463.15450503142
300000,538070.9961898418
426000,1344410.759799447
265000,335744.7769397461
450000,336452.9095250271
480000,506337.84601946943
40000,132221.22791903478
395000,129744.9842582957
229999,208606.90286976422
875000,1347595.136045467
170000,129586.18132007327
500000,299569.4512161089
450000,608002.7508976511
3800000,1708141.5938719097
1580000,1475321.7833878137
4950000,1732287.5471967477
535000,671322.0610833319
225000,141153.4325990538
550000,1370978.4903578055
670000,657560.840834131
625000,617611.4650755448
520000,1376952.3801953392
239000,451294.37381942477
2600000,1832269.5211197592
750000,889902.9905792114
229999,298140.7533847757
1300000,1492835.8527409239
80000,35653.81603872556
385000,590735.861833066
760000,589957.0680046084
600000,963330.4526892221
450000,496016.1151594992
450000,496016.1151594992
550000,443587.5281149168
200000,261977.86032190954
80000,6357.104347460692
300000,272204.93008321495
675000,805918.9453801573
260000,428617.9510337028
500000,511937.9963895993
150000,175693.72486438378
100000,-8943.852824598422
70000,-269022.7355434752
100000,-76342.01695039494
730000,435134.38158961193
525000,589036.9673173251
525000,585852.5910713051
550000,293450.8877375136
420000,444687.51032767206
500000,329376.02444770606
165000,52156.81614523511
650000,534376.3081756087
195000,564875.0628013238
75000,-260759.30849498615
100000,170581.42093514415
1770000,725783.276270281
90000,-15312.605316638468
515000,672977.9367312624
700000,982513.8364790698
62000,-186992.39187714958
220000,413072.82229803846
520000,528907.6507480098
170000,125852.47542699469
190000,398250.92328069365
150000,404619.6757727337
125000,111259.6508402165
290000,605187.922977992
490000,512638.55916372384
434999,436538.76850805304
380000,401287.62146284455
200000,452966.8885673241
495000,679346.6892233025
894999,483600.05652494094
600000,482789.41299008415
300000,342113.52943178616
430000,438171.07977176295
370000,690755.1375640607
750000,514485.49738641526
300000,392782.26585309487
700000,1298121.8508163379
100000,51970.167993749164
300000,316638.51946362597
130000,387368.73789931164
650000,679346.6892233025
509999,725783.276270281
1000000,467062.95045972295
280000,354998.71247973543
600000,665280.1275959006
210000,480470.986423835
1150000,1378257.5199262141
229999,465501.4093426211
245000,465501.4093426211
600000,629725.7259303045
375000,394918.8689708045
150000,580812.895222587
1450000,765851.1108252192
500000,515270.0506994885
75000,1317.408498742756
225000,823137.0609577748
275000,837623.2916907752
620000,756297.9820871593
600000,361367.4649717755
275000,418504.3677742309
125000,514561.91811420745
80000,134839.98625192777
199000,391882.1707886536
440000,337726.6600234351
250000,520432.22712499544
700000,719414.5237782409
450000,636094.4784223444
240000,518306.74888163945
350000,403198.2472104565
650000,719421.3720685465
71000,-8888.546679684414
400000,348482.2819238262
130000,38200.866807660925
300000,497492.84986669035
1100000,812924.5731214015
2200000,1522009.4566204143
800000,542575.3597903717
490000,568696.3142965478
836000,544995.4857373468
375000,171723.44456084605
1249000,756102.2020464512
1240000,873758.2047144498
35000,83537.47164188398
1068000,491362.20837436314
1189000,782795.6563681054
700000,467412.0350902331
350000,385365.74023274437
254999,49609.315148419024
229999,121078.9197828845
750000,653871.6792551423
325000,429402.504346776
760000,273533.9867265368
509999,1301158.5489984886
363000,281886.58061202674
229999,158651.55076100095
290000,141153.4325990538
550000,465501.4093426211
125000,391882.1707886536
2000000,1417617.2218958715
350000,268494.29087781877
390000,463085.6352185111
260000,157696.23788719496
150000,31832.11431562088
85000,-48303.55479425568
280000,312306.956200189
220000,345297.90567780624
140000,-83102.61906990924
370000,1344410.759799447
650000,802734.5691341374
280000,424159.82428927475
540000,653871.6792551423
50000,89239.1757587346
800000,471870.16183466115
515000,688899.8179613627
220000,91124.6684874183
525000,317150.87200819893
165000,333001.495902222
221000,508689.5669755775
245000,413137.1650120986
260000,303123.66533454787
550000,1409834.2450096295
434999,422053.41850095463
450000,600233.684426212
290000,321151.95235296804
305000,207137.3723306482
265000,280251.46250811766
325000,367337.4532143242
550000,664502.7784509026
105000,90298.07376139828
275000,299939.2890885278
434999,247842.08213479046
690000,724895.3148354548
249000,251026.45838081054
204999,254384.60291248324
200000,525444.1034955897
190000,297532.26198750595
150000,231463.15450503142
70000,-283548.38569837826
900000,762666.7345791992
950000,1383841.719105181
475000,249240.35533782945
55000,-326800.5964993366
450000,494308.4736206704
1200000,1250059.0185972282
300000,257085.8425370607
350000,540745.0606676487
229999,366407.16082049353
821000,342113.52943178616
200000,234026.6066930104
1000000,651395.4355944034
220000,320531.0282949269
459999,639851.35018173
310000,460609.3915577721
815000,751839.8553427311
1200000,716230.1475322209
170000,372775.9133125336
1000000,722598.9000242609
155000,109432.15071564268
400000,665280.1275959006
400000,601774.4723014049
250000,380473.7224478956
150000,46654.01333296569
80000,-202206.14052196874
130000,893490.5268990246
325000,1455829.7368481117
735000,1457990.3952294586
285000,576533.5437758167
350000,225038.09765185905
290000,1363639.6705573485
890000,1652012.4024072955
385000,285682.0977580802
425000,508970.5352643555
525000,1377439.58976098
550000,508081.45741646667
271000,298665.5385901198
1490000,831974.6282381562
490000,420728.71798261034
260000,379689.6486726359
455000,662050.8087414671
75000,218625.4007676239
421000,425340.33166209655
550000,736995.9445703309
330000,1211910.8463590478
390000,594904.8472143554
599000,1573954.2203603224
738000,1385752.3448527933
300000,391734.4927247844
150000,487231.5885433493
440000,208058.3166353135
280000,450348.130234431
100000,-86516.0697464959
150000,-11.648144579354266
380000,515270.0506994885
90000,-48303.55479425568
300000,200522.407498643
275000,430094.6857408939
180000,126487.33804868425
225000,368248.64386130974
200000,311598.8236149079
500000,148851.24173441585
300000,92861.52594937754
765000,564891.013992487
650000,684386.3850720206
380000,435623.57877494686
480000,508901.29820744833
200000,-71059.98193914273
380000,435623.57877494686
145000,107920.55456017607
280000,391882.1707886536
254999,611948.5250975064
300000,301424.7708188068
480000,541500.3980575915
850000,1288739.4816390106
350000,545840.0626612809
650000,394281.9937216004
650000,394281.9937216004
550000,-24157.60146941749
300000,351666.6581698463
150000,25463.36182358083
300000,260648.80367858754
80000,-68699.51395994685
200000,567367.2576532259
220000,383009.3018106896
68000,24134.305180258838
180000,432179.0797741586
290000,434986.70352574287
300000,468685.7855886412
600000,680117.0489356371
470000,516396.12313402747
150000,96666.82625343832
400000,428617.9510337028
110000,360160.8889052424
180000,315745.2883332057
250000,164064.990379235
80000,-2575.1003325583756
875000,483690.5664598874
425000,366314.78890153836
300000,489647.3626674592
700000,682531.0654693225
130000,105599.03093345763
1000000,651395.4355944034
650000,699034.5158037127
400000,184405.64340001202
800000,703492.6425481408
675000,697123.8900561007
210000,393091.3688462306
150000,332937.15318816184
45000,6198.301409238262
516000,316638.51946362597
450000,286123.81364674773
134000,153890.9375831339
509999,478968.1614948602
500000,398103.24521682446
130000,42033.98658984598
575000,629725.7259303045
550000,342750.40468099015
145000,389793.1906613315
347000,555190.2071905576
275000,524115.0468522675
630000,318870.59156076
160000,447871.886573692
150000,406122.50070170854
550000,359309.1611602943
349000,530483.7993443075
229999,132436.08041477884
110000,315159.9523553637
110000,33916.508348885596
245000,428975.80223192164
180000,221289.1017089303
290000,234026.6066930104
250000,164064.990379235
150000,419833.4244175529
55000,-91326.69116464732
500000,236124.2654582426
290000,475850.95968071517
400000,1380657.342859161
72000,108075.27459419642
250000,557814.1289151658
575000,1374925.4656163251
1300000,1678459.543344943
425000,511937.9963895993
470000,528907.6507480098
220000,175081.58909251876
310000,557291.8955129308
400000,742589.6198840898
215000,495510.96678300144
310000,471870.16183466115
750000,709861.3950401808
204999,318115.25417081703
260000,157696.23788719496
180000,185734.70004333413
125000,250717.09004502065
420000,532339.1189470056
220000,129744.9842582957
200000,107683.42496672235
130000,345674.65817224194
335000,451294.37381942477
2650000,1639414.3731027911
2675000,1678845.3324085255
2675000,1639414.3731027911
434999,1048471.0830844378
500000,298861.3186308278
290000,409511.6935575827
475000,1190328.3452221886
270000,288355.88574388163
600000,470541.10519133904
300000,497492.84986669035
415000,454240.6390657321
800000,1576741.3730982076
420000,330440.8071725412
1250000,759482.3583331793
270000,443979.37774239096
390000,564891.013992487
400000,487231.5885433493
100000,-29379.1669440405
850000,1323580.909593335
359000,1312943.7498336828
470000,676315.6425749052
360000,551314.4849660026
250999,543221.3043283876
45000,188919.0762893542
75000,-61041.05977833577
495000,640484.2001759051
310000,342901.83499446814
540000,457535.75126162404
665000,738906.5703179429
425000,594182.5579899242
1295000,1419387.3737476894
675000,738970.2578428634
980000,772219.8633172594
320000,592842.2676213861
250000,123376.23176625566
600000,658966.6812487743
300000,349700.7262773202
305000,589021.0161261621
270000,454240.6390657321
300000,499969.0935274294
106000,108075.27459419642
90000,-43034.78451497088
539000,519951.79765033326
110000,360160.8889052424
250000,339637.28577104706
300000,120812.77957827652
707000,740376.100857059
95000,-20324.481687232317
495000,567701.7348045402
200000,534997.2322336498
110000,59811.18742264413
100000,10190.224129645689
150000,342821.66201706714
509999,388550.11647876445
50000,-83102.61906990924
85000,-17788.84897737744
475000,469959.5360870492
425000,311598.8236149079
480000,789208.9044643098
950000,809103.3216261773
535000,616988.2209462244
325000,393440.30186254234
270000,215786.298896661
300000,298469.46900335356
325000,475823.1402025912
350000,419833.4244175529
229999,279494.9383999395
325000,428765.629097572
70000,-91555.765595214
190000,296053.6948792437
345000,478689.0788240093
1025000,660240.4317471823
120000,231463.15450503142
114999,43240.56265637898
300000,24134.305180258838
340000,441741.24508136476
90000,-91555.765595214
150000,-47347.43035159986
115999,144958.73290311487
425000,785343.1573649214
550000,799993.1987223611
500000,1291605.4202604285
300000,526152.2360808707
1150000,828321.511808722
475000,424855.6695974523
260000,274850.12351961853
350000,236502.85035374935
750000,633995.7151370146
350000,1378768.748406069
180000,199876.96517978958
611000,786362.1577636478
325000,502507.52523543325
225000,299302.4138393238
300000,1254563.120675256
400000,657764.1880864433
711000,589716.8614343395
851000,700334.1188481357
375000,410660.9213513595
275000,72386.49225101825
120000,185403.31995248896
350000,591513.2109780642
409999,425433.57478768285
500000,474494.0835592692
220000,484755.34488261025
120000,12725.856839500739
70000,-8235.720239317314
800000,438171.07977176295
450000,413370.0108268478
525000,464940.9548212092
300000,388550.11647876445
195000,28010.86282039692
130000,258359.5930354688
300000,382329.0420505936
120000,-181015.4890125839
450000,369820.61149708024
160000,366462.46696540754
800000,756297.9820871593
100000,249240.35533782945
825000,1374985.0725505478
265000,419548.5881458353
175000,147596.4108461152
250999,367266.12318641343
471000,1283751.2153480423
650000,812287.6978721975
650000,812287.6978721975
225000,243943.1318591636
245000,339710.45312070684
221000,242744.6053319954
271000,245788.23214794137
290000,278922.40586479567
525000,489451.58262675116
377000,275881.32654984656
95000,316639.4318731553
763000,693462.8717844738
450000,413014.8849642514
140000,375351.8913503074
701000,720442.9199682698
277000,495003.6820535986
520000,1322120.126077307
550000,678017.6325799807
260000,421352.2005376906
420000,604250.7159621443
35000,-206490.498980744
1150000,765851.1108252192
680000,418427.9470464388
425000,531812.8559876296
450000,534376.3081756087
590000,315414.70245504536
936999,409002.19335821946
420000,549606.0080115909
450000,528007.5556835686
40000,-113051.1427902451
520000,534376.3081756087
80000,2464.5955161597935
55000,311598.8236149079
80000,50606.99170089597
210000,508753.6201435793
300000,290016.3224780488
260000,709861.3950401808
250000,660240.4317471823
80000,352435.26029175625
450000,335892.4550036154
310000,170581.42093514415
500000,493600.34103538934
800000,608143.2247934449
840000,608143.2247934449
490000,378996.9877407043
125000,379836.8471986916
400000,443587.5281149168
1000000,732210.9988212946
530000,431433.31717123126
840000,776928.1246971888
229999,348482.2819238262
40000,-301325.58653117646
130000,212356.89702891128
200000,329376.02444770606
120000,475823.1402025912
75000,-104946.09701966109
250000,628396.6692869824
100000,-13983.548673316474
280000,246029.69251299146
540000,370772.9156459663
700000,478238.9143267012
350000,227657.85420097035
320000,456716.88272647106
475000,647502.9267631024
220000,379144.6658045735
210000,585401.5520831691
61000,-49927.68868149262
355000,1200208.980873663
150000,519075.3510035495
133000,469454.38771055115
650000,1505450.70014111
210000,259501.61666117058
130000,482271.5314107146
60000,34308.35797635991
120000,185403.31995248896
2900000,1585586.3692509867
100000,170581.42093514415
79000,-82710.76944243499
120000,487231.5885433493
125000,50034.45916575201
425000,647999.3281165124
70000,-269022.7355434752
619000,557419.2705627715
415000,483105.1207684333
265000,368611.2037127323
70000,77560.56877731819
281000,642463.2309143846
211000,543221.3043283876
550000,477602.0390774972
350000,560998.5051611857
420000,1370978.4903578055
270000,427168.16362731205
399000,464545.20025436324
440000,455127.08906913444
250000,301475.4321896079
650000,734509.5835974384
270000,402782.84721053985
390000,438667.68512870616
1500000,746744.8533490992
225000,314783.199860928
900000,545784.7565163667
1600000,1622469.827559905
800000,515122.37263561925
320000,562327.5618045079
300000,394918.8689708045
740000,468685.7855886412
350000,520663.1873036942
280000,311598.8236149079
675000,1616101.075067865
300000,213685.95367223327
400000,434726.5807709747
420000,382558.11648116034
300000,333329.0028156362
170000,144958.73290311487
210000,255217.25820239526
600000,577628.5189765671
260000,260775.36715957857
82000,361856.6621571103
690000,657056.0555011623
300000,623356.9734382643
1250000,722598.9000242609
799000,721511.7539738696
1000000,368883.40448123263
190000,227657.85420097035
250000,611948.5250975064
200000,114444.02708623647
300000,189687.6784112643
250000,245435.0550337686
90000,33916.508348885596
68000,-186992.39187714958
500000,430847.0144059168
900000,709861.3950401808
100000,-6325.094491705335
700000,602921.6593188222
1750000,1382061.8546683767
290000,325570.7241436451
1050000,517180.6764471005
70000,308791.19986332365
520000,678709.8139740985
150000,499969.0935274294
120000,58454.311301198046
600000,394918.8689708045
150000,386842.47493993567
400000,188210.94370407308
310000,302753.8274621289
550000,354851.03441586625
550000,666609.1842392224
320000,547679.4310728158
50000,-560838.8513369262
500000,464227.6588442131
360000,467730.4727148351
700000,657764.1880864433
700000,435134.38158961193
655000,754773.1454031293
700000,657764.1880864433
200000,211304.2991976546
375000,461756.5785751891
470000,554400.8551154791
550000,676765.9133760924
500000,508901.29820744833
210000,358035.41066188633
270000,471870.16183466115
300000,138589.98041107482
80000,3401.8025320074157
1451000,1478506.159633834
1085000,769035.4870712392
245000,1334793.5778933847
700000,445919.07402430923
300000,471870.16183466115
350000,690755.1375640607
635000,1367724.057834373
325000,237386.0943226287
1150000,1635911.559232169
110000,155589.83209887473
890000,546078.1736609936
73000,-24157.60146941749
170000,288034.4393943598
750000,473585.0075415649
280000,429358.00007327786
690000,544056.7316200202
130000,39348.053825077965
73000,-24157.60146941749
85000,-27341.977715437453
1575000,1347595.136045467
325000,527299.4230982875
85000,-381583.73621784203
860000,773950.6602153264
690000,715593.2722830169
650000,626345.5696435762
375000,605579.7726054662
525000,615518.690407108
330000,431232.80346949864
280000,317971.2400210075
470000,311598.8236149079
350000,450348.130234431
480000,289749.2851012638
620000,666609.1842392224
250000,300135.0691292358
78692,86492.77345733749
350000,506337.84601946943
250000,203511.90087613216
260000,141411.66960569
640000,629796.9832663811
220000,300338.0533380189
465000,585144.458486024
229999,354998.71247973543
425000,475054.5380806811
95000,2072.745888685422
170000,172699.9346179402
229999,334860.721402017
45000,-285297.11144729867
479000,-50732.59365033292
370000,372628.2352486643
340000,391734.4927247844
620000,388550.11647876445
270000,519075.3510035495
400000,756297.9820871593
260000,348482.2819238262
48000,-123277.04747862519
100000,306702.45400719374
490000,623356.9734382643
120000,135061.13891907918
125000,-1285.3986429873403
160000,249240.35533782945
190000,518306.74888163945
1700000,809103.3216261773
250000,194579.69619611313
500000,511937.9963895993
400000,41385.243053681006
500000,213685.95367223327
1800000,1437360.3546211957
320000,58454.311301198046
250000,984878.2192627023
105000,388926.8689732004
550000,471870.16183466115
600000,1390146.784072301
210000,532899.5734684174
210000,253753.78822717164
150000,127181.53207031662
125000,77560.56877731819
380000,398103.24521682446
600000,518306.74888163945
490000,393645.1184723964
545000,702290.1493858097
250000,358035.41066188633
1050000,557674.0206624533
100000,15202.10050023977
250000,515270.0506994885
100000,8833.348008199724
350000,614511.977285485
370000,460609.3915577721
121000,-153914.23387229242
570000,1355574.388705308
785000,726420.151519485
850000,759482.3583331793
375000,339637.28577104706
619000,422249.1985416628
335000,410988.42826477374
500000,304143.35364208
60000,-184428.9396891706
130000,105599.03093345763
210000,534194.4385497037
1900000,802734.5691341374
270000,497492.84986669035
225000,73755.26847325734
150000,72426.21182993535
173000,549590.0568204278
4800000,1641944.198930065
710000,1541005.1018067063
1500000,508753.6201435793
550000,434986.70352574287
58000,19094.609331540785
1200000,1057175.3157953646
500000,498640.0368841073
120000,47698.689400807045
300000,398069.05365478876
300000,465501.4093426211
295000,360582.9116587023
587000,447442.9249948114
430000,179365.94755129408
123000,-5051.343993297291
450000,1343658.431134424
130000,3401.8025320074157
110000,374104.9699558556
200000,293395.5815925998
